patient_id,age,gender,unit1,unit2,icu_hours,hr_last,hr_mean,hr_min,hr_max,sbp_last,sbp_mean,sbp_min,sbp_max,o2_last,o2_mean,o2_min,o2_max,temp_last,temp_mean,temp_min,temp_max,resp_last,resp_mean,resp_min,resp_max,lac_last,creatinine_last,wbc_last,label
p000001,83.14,0.0,,,54.0,84.0,102.15,76.0,117.0,78.0,128.0,78.0,181.0,85.0,91.33,85.0,100.0,36.33,36.7,36.11,37.44,18.0,24.68,17.0,32.0,,0.7,14.7,0
p000002,75.91,0.0,0.0,1.0,23.0,55.0,60.95,54.0,94.0,114.0,129.41,114.0,194.0,95.0,97.0,94.0,100.0,36.11,36.17,36.0,36.44,11.0,14.48,9.0,27.0,,2.5,11.0,0
p000003,45.82,0.0,1.0,0.0,48.0,78.0,79.78,68.0,93.0,138.0,140.16,122.0,159.0,97.0,95.32,91.0,99.0,37.11,37.49,36.89,38.61,26.0,25.46,17.0,40.0,,0.8,8.7,0
p000004,65.71,0.0,0.0,1.0,29.0,108.0,102.64,93.0,113.0,115.0,112.73,90.0,132.5,98.0,98.2,95.5,100.0,36.72,36.42,36.06,36.78,19.0,18.79,14.0,26.0,,0.8,7.6,0
p000005,28.09,1.0,1.0,0.0,49.0,80.0,76.6,61.0,88.0,134.0,135.07,114.0,150.0,97.0,97.68,96.0,99.0,36.33,37.07,36.22,37.33,16.0,15.45,14.0,21.0,,0.6,4.7,0
p000006,52.01,1.0,1.0,0.0,19.0,110.0,99.24,87.0,111.0,150.0,125.06,101.0,150.0,98.0,98.47,95.0,100.0,36.33,36.61,36.33,36.72,24.0,37.21,18.5,43.0,1.4,0.7,12.0,0
p000007,64.24,1.0,1.0,0.0,45.0,103.0,120.36,103.0,155.5,108.0,110.13,91.0,147.5,96.5,95.41,93.0,100.0,37.67,37.8,37.28,38.39,17.0,20.91,12.0,33.0,2.2,3.5,8.8,0
p000008,87.08,1.0,,,40.0,84.0,76.13,65.0,88.0,136.0,109.79,89.0,136.0,95.0,97.79,79.0,100.0,36.17,36.31,35.67,36.89,15.0,16.6,12.0,22.0,1.2,1.1,9.4,0
p000009,27.92,1.0,,,258.0,120.0,113.25,85.0,143.0,138.0,120.38,78.0,158.0,97.0,97.92,89.5,100.0,37.72,37.7,35.33,39.33,32.0,24.13,13.0,55.5,2.2,0.7,14.4,1
p000010,76.71,0.0,0.0,1.0,25.0,79.0,77.04,63.0,84.0,113.0,113.96,97.0,137.0,92.0,95.83,90.0,100.0,37.7,36.95,35.5,37.7,23.0,18.65,10.0,23.0,1.1,1.1,9.9,0
p000011,65.79,1.0,,,35.0,89.0,89.0,79.0,106.0,141.0,140.77,103.0,171.0,100.0,100.0,100.0,100.0,37.17,37.65,37.17,38.17,17.0,17.12,12.0,22.0,1.0,0.7,10.6,1
p000012,81.64,1.0,1.0,0.0,22.0,85.0,102.05,85.0,118.0,120.0,112.38,95.0,150.0,95.0,94.19,92.0,98.0,37.67,37.43,36.89,37.67,18.0,16.29,16.0,18.0,,0.9,7.3,0
p000013,59.73,1.0,,,41.0,81.0,91.44,79.0,103.0,98.0,100.36,89.0,117.0,99.0,98.18,97.0,100.0,36.56,36.72,36.11,37.22,12.0,17.83,11.0,23.0,1.5,0.6,7.4,0
p000014,73.43,1.0,0.0,1.0,43.0,108.0,87.83,74.0,108.0,108.0,106.0,77.5,125.0,99.0,97.17,95.0,100.0,36.72,37.69,36.72,38.2,24.0,16.92,9.0,24.0,2.3,1.1,14.7,0
p000015,58.54,0.0,,,15.0,87.5,87.64,82.0,97.0,103.5,117.71,103.5,130.0,,,,,36.7,36.83,36.1,37.2,13.0,10.43,4.0,14.0,1.6,4.4,17.7,1
p000016,58.0,1.0,0.0,1.0,21.0,95.0,88.82,61.0,106.0,143.0,117.53,99.0,143.0,97.0,98.11,94.5,100.0,37.28,37.46,36.3,37.9,22.0,17.61,14.0,22.0,,1.3,12.0,0
p000017,45.76,0.0,1.0,0.0,37.0,79.0,80.75,65.0,94.0,129.0,130.31,111.0,147.0,99.0,99.0,97.0,100.0,36.78,36.72,36.44,37.0,17.0,18.74,13.0,30.0,3.6,0.7,6.2,0
p000018,39.28,1.0,1.0,0.0,134.0,116.0,96.78,69.0,122.5,200.0,131.48,83.0,200.0,97.0,97.6,92.0,100.0,38.28,38.16,36.33,40.11,24.0,19.67,11.5,33.0,1.1,0.4,11.7,1
p000019,46.42,1.0,,,48.0,59.0,72.04,59.0,117.0,158.0,149.26,114.0,177.0,100.0,98.21,88.0,100.0,36.4,36.65,36.28,37.67,16.0,15.41,10.0,27.0,0.9,8.8,2.1,0
p000020,64.66,1.0,,,20.0,63.0,61.11,54.0,69.0,131.0,122.11,103.0,138.0,97.0,95.45,92.0,97.0,36.89,36.8,36.67,36.89,14.0,15.45,11.0,24.0,,1.0,9.3,0
p000021,87.8,0.0,1.0,0.0,57.0,77.0,96.86,77.0,118.0,131.0,125.92,95.0,159.0,98.0,94.61,89.0,99.0,36.94,37.32,36.44,38.5,20.0,22.28,14.0,35.0,,0.4,16.4,0
p000022,77.26,0.0,0.0,1.0,23.0,81.0,74.61,66.0,85.0,111.0,120.32,89.0,161.0,96.0,97.13,93.0,100.0,,,,,21.0,18.74,14.0,27.0,,0.7,20.2,1
p000023,35.89,0.0,1.0,0.0,21.0,88.0,88.0,84.0,92.0,125.0,138.89,107.0,170.0,99.0,99.95,99.0,100.0,37.5,37.1,36.17,37.78,18.0,19.16,18.0,22.0,,7.0,12.5,0
p000024,70.81,0.0,,,51.0,80.0,86.08,77.0,93.0,165.0,127.89,97.0,170.0,99.0,97.72,89.0,100.0,37.0,36.81,36.22,37.33,17.0,20.14,13.0,29.0,,1.1,11.4,0
p000025,43.82,1.0,,,50.0,76.0,71.66,60.0,81.0,96.0,97.91,80.0,120.0,100.0,98.32,97.0,100.0,37.11,36.72,36.17,37.17,18.0,17.0,13.0,32.0,,0.9,10.3,0
p000026,63.77,1.0,,,13.0,69.0,89.62,69.0,111.0,98.0,92.67,73.5,105.5,97.0,96.7,94.0,99.0,37.11,36.69,36.11,37.17,14.0,17.79,13.0,23.0,,0.9,17.0,0
p000027,47.95,0.0,0.0,1.0,11.0,66.0,74.8,66.0,84.0,123.0,130.4,111.0,148.0,100.0,96.45,95.0,100.0,37.67,37.3,36.89,37.72,26.0,21.05,16.0,26.0,,,,0
p000028,56.46,0.0,1.0,0.0,31.0,91.0,92.83,79.0,122.0,122.0,125.11,97.0,147.0,95.0,96.9,90.0,100.0,37.56,37.1,36.28,37.67,25.0,27.48,18.0,32.0,1.2,0.6,6.4,1
p000029,47.01,0.0,,,48.0,90.0,86.82,70.0,110.0,131.0,131.47,120.0,146.0,99.0,97.83,95.0,100.0,36.72,36.83,36.17,37.39,20.0,19.63,16.0,24.0,,0.6,13.2,0
p000030,57.13,1.0,0.0,1.0,47.0,69.0,75.91,65.0,91.0,116.0,102.82,74.0,128.0,89.0,97.76,89.0,100.0,35.83,36.49,35.83,37.06,18.0,15.73,7.0,22.0,0.8,1.0,6.2,0
p000031,66.28,1.0,,,57.0,82.0,84.33,62.0,108.0,133.0,133.12,130.0,139.5,98.0,98.21,96.5,100.0,36.33,37.64,36.33,39.17,15.0,17.03,14.0,22.0,,0.6,10.1,0
p000032,82.32,0.0,1.0,0.0,53.0,62.0,71.34,54.0,109.5,152.0,142.84,104.0,176.0,96.0,96.14,79.0,100.0,36.89,36.91,36.56,37.39,24.0,19.07,14.0,25.0,,0.8,11.6,0
p000033,59.24,1.0,1.0,0.0,37.0,76.0,84.74,74.0,107.0,120.0,117.71,69.0,151.0,100.0,97.56,93.0,100.0,36.22,36.13,35.0,37.22,15.0,14.28,8.0,19.0,1.8,5.6,7.2,0
p000034,77.28,0.0,0.0,1.0,15.0,77.0,84.35,77.0,91.0,115.0,102.42,90.0,124.0,88.0,93.31,88.0,100.0,36.5,36.37,36.11,36.5,24.0,20.92,15.5,27.0,1.1,1.3,15.0,1
p000035,65.04,1.0,,,41.0,70.0,72.26,67.0,93.0,124.0,120.58,94.0,186.0,96.0,99.1,96.0,100.0,37.0,36.58,35.83,37.0,20.0,16.07,9.0,25.0,,0.7,7.2,0
p000036,51.35,0.0,,,16.0,91.0,81.6,71.0,92.0,127.0,116.8,99.0,134.0,98.0,99.0,97.0,100.0,36.28,36.3,36.28,36.33,13.0,15.93,12.0,25.0,,,,0
p000037,62.36,1.0,0.0,1.0,21.0,58.0,59.03,49.0,66.0,103.0,108.36,92.0,141.0,93.0,98.5,93.0,100.0,36.67,36.67,36.22,37.17,15.0,20.69,14.0,34.0,,1.1,12.4,0
p000038,57.37,0.0,0.0,1.0,40.0,90.0,96.03,70.0,125.0,109.0,114.13,97.0,140.0,99.0,98.08,94.0,100.0,37.22,36.85,36.11,37.22,13.0,15.07,7.0,23.0,3.0,1.0,16.4,0
p000039,55.39,0.0,1.0,0.0,45.0,93.0,105.27,89.0,118.0,136.0,152.19,124.0,175.0,97.0,97.73,96.0,100.0,35.5,36.81,35.5,37.33,16.0,22.07,16.0,28.0,1.0,0.5,5.3,0
p000040,57.17,1.0,,,24.0,96.0,96.0,91.0,105.0,97.0,91.93,80.0,108.0,100.0,98.0,90.0,100.0,36.33,36.72,36.22,37.11,22.0,21.02,13.0,31.0,,2.6,8.5,0
p000041,47.05,1.0,,,35.0,85.0,81.09,61.0,101.0,143.0,135.72,119.0,158.0,99.0,98.25,96.0,100.0,36.83,36.97,36.44,37.28,19.0,16.43,13.0,21.0,,0.7,8.8,0
p000042,63.59,0.0,,,73.0,105.0,103.74,89.0,114.5,100.5,117.8,91.0,153.0,97.0,96.83,88.0,100.0,38.0,37.26,35.5,38.56,16.0,17.12,9.0,31.0,1.3,0.5,9.6,1
p000043,46.35,0.0,,,45.0,105.0,119.32,104.0,151.0,75.0,92.85,75.0,105.0,96.0,94.16,88.0,100.0,35.72,35.68,35.0,36.17,22.0,24.6,16.0,35.0,1.25,2.1,8.4,0
p000044,59.34,1.0,0.0,1.0,38.0,84.0,80.78,58.0,119.0,132.0,128.0,92.0,164.5,100.0,98.5,91.5,100.0,36.56,36.93,35.75,37.7,19.0,18.25,12.0,25.0,2.5,1.1,9.9,0
p000045,49.8,0.0,1.0,0.0,19.0,64.0,65.0,56.0,83.0,97.0,101.47,84.0,114.0,98.0,97.78,97.0,98.0,36.67,36.6,36.39,36.67,12.0,13.94,11.0,19.0,,0.8,4.7,0
p000046,72.55,1.0,,,50.0,82.0,77.11,64.0,101.0,133.0,119.49,101.0,137.0,99.0,96.3,93.0,99.0,36.28,35.91,35.5,36.33,14.5,15.14,10.0,23.0,0.9,2.3,5.8,0
p000047,41.61,0.0,,,18.0,104.0,105.59,95.0,120.0,123.0,123.82,110.0,140.0,95.0,95.29,94.0,97.0,37.56,37.43,36.72,37.78,12.0,13.24,10.0,20.0,,0.5,7.5,0
p000048,82.1,1.0,0.0,1.0,19.0,88.0,81.31,66.0,95.0,130.0,117.69,96.0,139.0,96.0,97.69,94.0,100.0,37.1,36.67,35.6,37.1,24.0,17.69,12.0,30.0,,1.3,8.5,0
p000049,46.82,1.0,1.0,0.0,18.0,77.0,68.94,63.0,77.0,119.0,113.81,101.0,125.0,98.0,98.19,95.0,100.0,35.39,35.93,35.39,36.17,17.0,14.62,10.0,24.0,,3.0,7.8,0
p000050,81.08,0.0,1.0,0.0,51.0,77.0,93.21,77.0,116.5,116.0,138.07,99.0,186.0,100.0,98.81,94.0,100.0,35.72,36.31,35.72,37.11,19.0,24.24,17.0,32.25,,0.6,12.7,0
p000051,82.46,0.0,1.0,0.0,40.0,64.0,64.51,55.0,89.0,160.5,135.78,113.5,179.5,100.0,99.12,92.0,100.0,37.28,36.43,33.94,37.5,15.0,14.05,10.0,15.5,,0.9,13.3,0
p000052,61.34,1.0,0.0,1.0,44.0,69.0,71.7,63.0,90.0,125.0,111.7,90.5,149.0,98.0,98.49,94.0,100.0,37.0,36.47,34.75,37.0,14.0,15.41,10.0,24.0,1.5,2.0,13.2,0
p000053,68.59,0.0,1.0,0.0,27.0,89.0,93.8,87.0,103.0,,,,,95.0,95.98,90.0,100.0,38.0,37.96,37.61,38.22,21.0,21.21,14.0,28.0,1.2,0.3,15.8,1
p000054,70.51,1.0,0.0,1.0,57.0,81.0,90.8,75.0,106.0,100.0,103.98,80.0,130.0,95.0,95.18,92.0,99.0,36.28,36.34,35.67,37.17,19.0,20.05,9.0,33.0,1.3,1.2,16.0,0
p000055,53.95,1.0,1.0,0.0,14.0,89.0,100.42,80.0,121.0,116.0,107.15,97.0,116.0,98.0,97.81,97.0,99.5,35.89,36.9,35.89,37.33,20.0,26.54,20.0,33.0,,0.9,13.8,0
p000056,68.2,1.0,1.0,0.0,9.0,93.0,89.0,84.0,94.0,130.0,134.38,116.0,147.0,97.0,96.19,91.0,100.0,36.89,36.66,36.39,36.89,15.0,15.94,14.0,19.0,,10.6,15.4,1
p000057,51.59,0.0,,,37.0,105.0,101.29,78.0,132.0,143.0,133.65,94.0,165.0,100.0,99.94,99.0,100.0,37.94,36.51,34.44,37.94,21.5,18.74,8.5,29.0,1.0,0.7,8.0,0
p000058,46.02,1.0,1.0,0.0,8.0,78.0,83.71,78.0,88.0,112.0,109.29,105.0,112.0,100.0,97.71,96.0,100.0,35.0,35.19,35.0,35.33,12.0,12.0,10.0,15.0,,1.6,12.0,1
p000059,87.78,0.0,0.0,1.0,37.0,106.0,81.94,70.0,108.0,89.0,94.5,84.0,111.0,97.0,95.07,91.0,100.0,35.83,35.85,35.61,36.89,17.0,21.4,16.0,30.0,,1.1,5.5,0
p000060,75.32,0.0,1.0,0.0,10.0,86.0,79.06,73.0,86.0,125.0,153.89,125.0,196.0,97.0,98.67,96.0,100.0,37.67,36.66,35.44,37.67,22.0,17.0,10.5,25.0,1.6,1.6,21.7,0
p000061,75.79,1.0,0.0,1.0,47.0,80.0,79.56,72.0,80.0,105.5,113.67,100.0,121.0,99.5,99.89,99.0,100.0,38.25,37.48,35.4,38.25,7.0,16.17,7.0,18.5,2.4,1.2,14.0,0
p000062,68.89,0.0,,,41.0,85.0,95.96,77.0,116.0,100.0,114.88,97.0,144.0,96.0,97.35,94.0,100.0,36.0,36.69,36.0,37.11,18.0,17.57,8.0,27.0,,2.2,13.6,0
p000063,41.77,1.0,,,14.0,82.0,98.0,74.0,140.0,104.0,100.27,76.0,119.5,94.0,97.85,94.0,100.0,39.0,36.73,35.89,39.0,18.0,16.73,11.0,20.5,1.2,,,1
p000064,68.98,0.0,,,29.0,86.0,85.55,68.0,97.0,116.0,118.71,85.0,161.0,100.0,99.86,97.0,100.0,37.33,37.47,37.06,37.72,21.0,16.96,14.0,23.0,0.9,1.1,10.8,1
p000065,68.65,1.0,0.0,1.0,29.0,80.0,85.0,77.0,107.0,110.0,110.07,92.0,123.0,100.0,98.21,96.0,100.0,36.28,36.52,35.06,37.0,20.0,19.71,10.0,27.0,1.8,0.9,12.0,0
p000066,62.88,1.0,0.0,1.0,25.0,83.0,82.79,69.0,90.0,119.0,118.74,93.0,140.5,97.0,98.47,96.0,100.0,37.5,37.45,37.11,37.5,20.0,17.89,14.0,23.0,2.0,0.7,7.6,0
p000067,46.99,0.0,0.0,1.0,21.0,110.0,92.97,80.0,110.0,110.0,121.14,100.0,142.0,100.0,99.94,99.0,100.0,37.11,36.32,33.22,37.33,23.0,16.17,11.0,23.0,,0.6,23.3,0
p000068,36.88,1.0,1.0,0.0,46.0,121.0,116.99,97.0,134.0,121.0,135.1,98.0,163.0,96.0,95.79,94.0,100.0,36.89,37.61,36.67,39.28,28.0,32.14,19.0,52.0,,0.6,14.6,0
p000069,48.56,1.0,1.0,0.0,14.0,66.0,68.08,59.0,77.0,106.0,111.42,104.0,126.0,96.0,96.33,93.0,99.0,35.72,36.59,35.72,37.0,14.0,16.42,13.0,24.0,,0.8,12.1,0
p000070,85.34,0.0,,,36.0,74.0,77.94,60.0,97.0,126.0,117.54,104.0,130.0,97.0,96.66,93.0,99.0,36.33,36.14,35.0,36.89,22.0,14.77,11.0,22.0,,0.5,3.7,0
p000071,70.49,1.0,,,54.0,101.0,102.38,89.0,132.0,138.0,130.91,75.5,196.0,98.0,96.16,91.0,99.0,37.44,37.55,36.61,40.5,19.0,17.8,13.0,25.0,2.0,0.9,7.4,0
p000072,51.14,1.0,0.0,1.0,22.0,95.0,99.08,73.0,117.0,108.0,121.6,108.0,135.0,96.0,98.17,96.0,100.0,37.56,36.69,35.67,37.56,26.0,22.62,13.0,31.0,,0.9,12.4,0
p000073,42.6,1.0,,,23.0,100.0,94.09,85.0,104.0,138.0,120.18,105.0,138.0,96.0,97.05,94.0,99.0,37.0,36.88,36.67,37.06,24.0,21.05,14.0,25.0,,0.8,,0
p000074,43.62,1.0,1.0,0.0,14.0,101.0,98.65,91.0,105.5,118.0,113.38,100.0,120.5,98.0,97.54,97.0,98.0,36.44,36.3,36.22,36.44,18.0,17.73,15.0,24.0,,1.0,5.7,0
p000075,34.34,0.0,1.0,0.0,38.0,66.0,69.99,57.0,84.0,107.0,105.78,93.0,132.0,99.0,97.84,94.0,100.0,36.67,36.27,35.78,36.67,18.0,16.78,10.0,23.0,,0.8,6.2,0
p000076,67.57,1.0,0.0,1.0,53.0,83.0,90.55,80.0,112.0,116.0,116.27,96.0,147.0,97.0,97.26,94.0,100.0,36.0,36.47,35.22,37.33,16.0,21.89,13.0,39.0,2.0,1.2,18.7,0
p000077,47.91,0.0,,,23.0,73.0,79.23,73.0,93.0,113.0,116.38,99.0,137.0,97.0,97.45,97.0,99.0,36.61,36.96,36.61,37.17,16.0,16.23,13.0,19.0,,0.6,7.5,0
p000078,56.97,1.0,1.0,0.0,104.0,110.0,106.06,96.0,140.0,138.0,144.12,90.5,170.0,99.0,94.51,90.0,100.0,38.0,37.42,35.61,39.11,13.0,15.97,12.0,29.0,2.2,0.7,23.3,1
p000079,41.17,1.0,,,42.0,111.0,111.3,95.0,132.0,121.0,122.05,95.0,151.0,93.0,96.78,92.0,100.0,38.28,37.61,36.83,38.39,22.0,19.7,8.0,31.0,0.8,0.6,24.1,0
p000080,61.6,1.0,,,38.0,97.0,105.26,83.0,128.0,148.0,139.12,109.0,171.0,100.0,97.32,91.0,100.0,37.83,37.45,36.0,38.22,11.0,14.8,10.0,22.0,2.1,1.1,15.2,0
p000081,72.9,0.0,0.0,1.0,36.0,73.0,74.23,62.0,88.0,112.0,134.46,105.0,177.0,97.0,97.63,94.0,100.0,36.83,37.12,36.22,37.94,14.0,14.97,14.0,19.0,4.2,0.7,5.8,0
p000082,25.42,0.0,1.0,0.0,44.0,84.0,78.53,61.0,129.0,137.0,129.74,112.0,156.0,100.0,99.6,98.0,100.0,36.89,36.36,35.67,37.33,16.0,19.04,13.0,25.0,2.5,0.3,9.5,0
p000083,76.46,0.0,0.0,1.0,52.0,69.0,78.94,66.0,98.0,116.0,133.48,90.0,166.0,95.0,96.47,92.0,100.0,36.56,37.08,35.6,37.6,17.0,20.69,12.0,27.0,,0.4,20.8,0
p000084,62.52,1.0,1.0,0.0,42.0,106.0,95.59,84.0,106.0,108.0,106.29,91.0,132.0,99.0,98.95,97.0,100.0,37.17,37.71,37.06,39.0,22.0,23.85,14.0,31.0,1.6,1.0,8.0,0
p000085,73.85,1.0,,,55.0,92.0,86.59,72.0,101.0,91.0,106.49,89.0,122.0,98.0,94.96,87.0,99.0,36.28,36.06,34.56,36.5,20.0,19.65,10.0,29.0,,0.5,7.2,0
p000086,61.49,0.0,1.0,0.0,20.0,83.0,76.66,69.0,84.0,169.0,169.0,130.5,220.5,99.0,99.47,96.5,100.0,36.17,36.27,36.17,36.56,18.0,16.11,14.0,18.0,1.0,8.6,12.9,0
p000087,48.85,1.0,0.0,1.0,46.0,77.0,76.81,67.0,103.0,86.0,98.57,74.0,130.0,94.0,97.62,91.5,100.0,36.44,37.1,36.0,38.0,17.0,19.51,9.0,38.0,2.1,0.8,13.6,0
p000088,47.61,1.0,,,16.0,87.0,91.7,85.0,97.0,146.0,139.6,119.0,165.0,98.0,96.4,93.0,99.0,36.61,36.71,36.33,36.89,18.0,17.77,13.0,22.0,,0.6,14.7,0
p000089,57.03,0.0,,,26.0,82.0,79.14,69.0,91.0,136.0,133.44,122.0,148.0,99.0,98.88,97.0,100.0,37.33,37.01,36.56,37.39,16.0,16.56,14.0,20.0,,0.7,8.9,0
p000090,87.99,1.0,,,41.0,60.0,60.02,53.0,75.0,115.0,125.8,90.0,158.0,98.0,99.11,97.0,100.0,37.06,36.81,36.22,37.06,20.0,16.98,9.0,22.0,1.6,1.0,7.9,0
p000091,58.64,1.0,0.0,1.0,57.0,112.0,104.84,89.0,117.0,118.0,105.76,90.0,131.5,95.0,96.2,94.0,100.0,37.17,37.18,36.17,37.94,23.0,20.39,11.5,28.0,,0.7,10.2,0
p000092,71.1,1.0,1.0,0.0,32.0,69.0,83.56,63.0,111.0,137.0,134.08,106.0,200.0,97.0,97.44,95.0,100.0,35.28,36.35,35.28,36.83,20.0,19.32,10.0,30.0,,5.8,17.1,0
p000093,83.67,0.0,1.0,0.0,29.0,98.0,98.68,82.0,118.0,111.0,113.96,96.0,138.0,92.0,94.98,92.0,98.0,36.5,37.24,36.5,38.56,16.0,20.89,16.0,27.0,,0.5,12.7,0
p000094,64.69,1.0,0.0,1.0,39.0,95.0,83.47,71.0,100.0,138.0,152.91,122.0,176.0,94.0,96.08,92.0,100.0,37.89,37.1,35.83,38.33,22.0,17.23,12.0,23.0,,1.0,7.7,0
p000095,29.68,1.0,1.0,0.0,36.0,103.0,104.7,87.0,149.0,109.0,114.2,98.0,135.0,98.0,97.93,94.0,100.0,38.22,38.13,37.67,38.89,25.0,26.69,12.0,44.0,,0.7,15.9,0
p000096,56.09,1.0,,,19.0,54.0,50.14,44.5,60.0,115.0,131.76,115.0,148.0,95.0,97.5,94.0,100.0,36.61,36.56,36.06,37.0,26.0,19.72,15.0,26.0,,0.8,10.3,0
p000097,76.92,1.0,,,34.0,81.0,74.53,63.0,90.0,137.0,127.3,81.0,172.0,96.0,98.82,96.0,100.0,37.39,36.96,34.8,37.6,21.0,15.34,10.0,22.0,2.0,1.3,9.4,0
p000098,82.1,0.0,,,54.0,78.0,72.83,61.0,91.0,107.0,106.7,91.0,107.0,97.0,96.97,90.0,100.0,37.0,37.1,36.11,37.56,13.0,16.38,10.0,23.0,2.7,0.7,15.5,0
p000099,54.89,0.0,0.0,1.0,25.0,95.0,86.25,64.0,100.0,87.0,128.35,87.0,158.0,96.0,97.07,95.0,99.0,37.5,36.71,35.28,37.67,19.0,18.45,13.5,32.0,,0.6,15.4,0
p000100,35.18,1.0,1.0,0.0,39.0,81.0,105.67,79.0,151.0,109.0,122.89,101.0,142.0,96.0,97.39,91.0,100.0,38.11,37.6,36.83,38.78,18.0,15.41,9.0,23.0,1.9,0.7,5.6,0
p000101,52.88,1.0,1.0,0.0,38.0,80.0,75.03,60.0,89.0,140.0,140.58,111.0,163.0,94.0,95.75,92.0,100.0,36.44,36.75,36.44,37.67,15.0,17.58,12.0,23.0,,1.2,3.5,0
p000102,59.23,1.0,1.0,0.0,46.0,79.0,85.74,70.0,115.0,125.0,154.52,106.0,223.0,100.0,98.27,93.0,100.0,37.11,37.3,35.5,38.83,31.5,26.39,14.0,50.0,1.5,0.8,12.2,0
p000103,45.04,0.0,,,20.0,57.0,57.47,48.0,70.0,117.0,104.79,85.0,121.0,99.0,98.42,93.0,100.0,37.06,36.67,36.11,37.17,17.0,15.32,11.0,25.0,,0.4,5.1,0
p000104,61.82,0.0,0.0,1.0,42.0,76.0,79.1,67.0,104.0,134.0,135.17,134.0,164.5,99.0,97.63,93.0,100.0,37.72,37.4,36.67,38.0,25.0,20.02,14.5,28.0,,0.8,10.1,0
p000105,70.44,1.0,1.0,0.0,37.0,74.0,81.36,74.0,92.0,45.0,66.14,43.0,94.0,90.0,92.35,85.0,100.0,37.11,37.14,36.89,37.61,8.0,14.04,8.0,25.0,,3.6,24.3,0
p000106,83.09,1.0,,,59.0,86.0,77.3,51.0,97.0,99.0,124.15,99.0,155.0,95.0,95.74,90.0,100.0,37.8,37.0,35.28,38.0,12.0,14.53,9.0,26.0,,2.1,10.4,0
p000107,74.66,1.0,1.0,0.0,40.0,75.0,76.44,64.0,90.0,95.0,100.26,82.0,120.0,97.0,97.09,92.0,99.0,35.83,37.14,35.83,38.4,23.0,17.9,10.0,35.0,,0.9,7.2,0
p000108,88.9,0.0,,,51.0,96.0,80.84,69.0,99.0,100.0,110.47,84.5,155.0,92.0,97.83,92.0,100.0,36.56,36.44,34.94,37.17,22.0,16.77,10.5,27.0,1.0,0.4,12.1,0
p000109,58.58,1.0,0.0,1.0,49.0,77.0,75.82,51.0,97.0,148.0,120.15,87.0,172.0,100.0,98.42,94.0,100.0,36.3,36.89,34.78,38.61,20.0,19.64,18.0,24.0,1.1,1.3,13.1,0
p000110,65.68,0.0,1.0,0.0,40.0,73.0,77.06,58.0,105.0,113.0,118.47,91.0,144.0,98.0,96.09,94.0,98.0,35.72,36.4,35.72,36.89,12.0,18.79,3.0,40.0,,0.8,12.1,0
p000111,57.77,1.0,,,49.0,78.0,63.15,49.0,78.0,138.0,108.11,84.0,146.0,100.0,97.4,96.5,100.0,36.6,36.42,35.9,36.72,18.0,16.86,10.0,19.25,,0.7,,0
p000112,74.66,1.0,0.0,1.0,39.0,107.0,87.85,62.5,115.0,100.0,98.76,78.0,121.0,100.0,96.31,91.5,100.0,37.5,37.28,35.2,37.9,18.0,14.7,6.5,20.0,,1.4,19.0,0
p000113,58.57,1.0,,,21.0,114.0,111.3,100.0,124.0,122.5,119.9,110.0,127.0,95.0,98.4,95.0,100.0,36.11,36.85,35.94,38.28,25.0,23.32,15.0,41.0,,0.4,,0
p000114,82.17,1.0,1.0,0.0,29.0,144.0,130.0,111.0,180.0,67.0,86.37,57.5,135.0,84.0,87.2,81.0,98.0,33.94,36.58,33.94,37.67,20.0,25.31,18.0,30.0,8.2,1.0,81.3,0
p000115,55.98,1.0,0.0,1.0,58.0,97.0,93.3,70.5,103.0,131.0,130.05,100.0,175.0,98.0,96.27,93.0,100.0,37.28,37.19,35.2,38.25,27.0,23.04,10.5,44.0,1.8,0.9,5.0,0
p000116,55.29,1.0,,,23.0,83.0,73.77,57.0,98.0,108.0,113.05,87.0,147.0,100.0,98.95,98.0,100.0,36.33,36.56,36.11,37.17,22.0,15.27,11.0,23.0,,1.0,97.1,0
p000117,78.6,0.0,1.0,0.0,48.0,58.0,61.89,51.0,75.0,148.0,146.4,125.0,174.0,95.0,94.45,53.0,100.0,36.33,36.32,35.94,36.89,19.0,20.06,12.0,27.0,,0.6,5.1,0
p000118,51.02,1.0,1.0,0.0,19.0,120.0,116.0,107.0,127.0,113.0,110.61,98.0,132.0,93.0,94.67,92.0,99.0,38.11,37.61,36.5,38.5,18.0,21.0,17.0,27.0,,1.1,8.6,0
p000119,38.61,1.0,,,17.0,68.0,77.25,68.0,90.5,100.0,101.84,95.0,109.0,97.0,97.09,96.0,99.0,36.33,36.54,35.56,37.17,13.0,16.41,13.0,20.0,,1.0,14.3,0
p000120,24.29,0.0,,,40.0,110.0,96.73,81.0,151.0,143.0,163.22,143.0,193.0,96.0,96.23,93.0,100.0,35.83,36.78,35.83,37.17,17.0,18.87,13.0,26.0,0.9,0.6,6.8,0
p000121,77.51,1.0,1.0,0.0,46.0,79.0,85.9,72.0,107.0,189.5,168.8,119.0,205.0,96.0,95.69,92.0,98.0,37.22,36.6,35.56,37.44,18.0,20.24,14.0,34.0,,0.8,14.1,0
p000122,49.5,1.0,,,39.0,116.0,107.08,92.0,128.0,89.0,106.64,80.0,160.0,99.0,97.18,94.0,100.0,37.17,36.69,36.11,37.44,22.0,17.93,11.0,27.0,,0.5,7.2,0
p000123,57.02,0.0,,,50.0,108.0,95.3,72.0,120.0,142.0,128.15,93.0,167.0,94.0,95.05,85.0,100.0,36.67,36.51,36.11,36.72,25.0,19.8,14.0,29.0,,0.6,11.9,0
p000124,46.67,0.0,1.0,0.0,24.0,84.0,74.54,69.0,84.0,117.0,110.91,95.0,132.0,92.0,96.09,92.0,99.0,36.72,36.68,36.33,36.94,23.0,22.5,18.0,29.0,,0.8,13.0,0
p000125,51.54,1.0,,,41.0,114.0,118.42,107.0,138.0,100.0,96.68,75.5,123.0,97.0,97.91,90.0,100.0,38.1,37.54,35.11,38.4,22.0,26.59,13.0,32.0,1.4,0.9,8.9,0
p000126,45.54,0.0,1.0,0.0,10.0,90.5,90.5,90.5,90.5,94.0,94.0,94.0,94.0,,,,,,,,,14.0,14.0,14.0,14.0,13.6,,,0
p000127,60.88,1.0,,,49.0,71.0,71.01,66.0,79.0,118.0,101.79,86.0,118.0,97.0,98.01,96.0,100.0,36.61,36.15,35.67,36.78,23.0,20.43,15.0,26.0,,1.8,4.3,0
p000128,73.09,0.0,,,24.0,74.0,83.0,67.0,98.0,105.0,109.98,97.0,150.0,93.0,97.87,93.0,100.0,36.67,36.71,36.33,37.44,25.0,21.76,17.0,28.0,,0.8,15.9,0
p000129,69.0,0.0,0.0,1.0,28.0,76.0,92.79,76.0,107.0,115.0,111.6,95.0,132.0,91.0,98.56,91.0,100.0,35.83,36.08,35.83,36.17,15.0,15.54,6.0,24.0,1.2,0.6,10.4,0
p000130,45.77,1.0,0.0,1.0,49.0,89.0,90.68,82.5,109.0,96.0,103.66,77.5,130.0,99.0,98.33,92.0,100.0,37.8,37.86,35.45,39.05,22.0,17.96,12.5,32.75,3.7,1.3,12.4,0
p000131,79.88,0.0,,,46.0,80.0,84.47,76.0,96.0,114.0,113.91,94.0,130.0,97.0,96.58,93.0,100.0,37.11,37.32,36.61,38.22,18.0,19.99,13.0,27.0,,,9.3,0
p000132,68.01,1.0,,,56.0,69.0,75.5,55.0,119.0,118.0,114.48,85.0,133.0,99.0,98.96,95.0,100.0,37.0,36.36,35.67,37.0,13.0,16.79,12.0,22.0,1.8,0.9,10.1,0
p000133,21.89,0.0,0.0,1.0,56.0,99.0,92.35,66.0,125.0,126.0,122.71,87.0,147.0,100.0,97.75,84.0,100.0,37.9,37.38,36.45,38.05,16.0,17.05,13.0,26.0,2.8,0.6,13.2,0
p000134,64.6,1.0,,,38.0,60.0,60.95,53.0,74.0,137.0,122.01,100.0,149.0,98.0,96.97,94.0,99.0,36.67,36.9,36.56,37.5,15.0,17.11,13.0,21.0,,1.1,10.6,0
p000135,41.34,1.0,0.0,1.0,21.0,117.0,100.56,78.0,117.0,102.0,106.82,86.0,140.0,98.0,98.62,96.0,100.0,38.2,37.4,35.7,38.3,21.0,16.53,13.5,22.5,1.6,0.6,6.2,0
p000136,59.28,1.0,,,33.0,65.0,67.35,57.0,87.0,107.0,103.43,91.0,117.5,98.0,99.53,97.0,100.0,37.0,36.86,36.44,37.44,27.0,19.33,11.0,27.0,,0.9,10.4,0
p000137,39.76,1.0,0.0,1.0,45.0,95.0,88.59,73.0,98.0,130.0,114.84,104.0,132.5,99.0,97.97,94.0,100.0,36.78,37.0,35.2,37.6,19.0,17.93,9.0,24.0,0.9,0.6,12.9,0
p000138,62.96,1.0,,,40.0,108.0,119.59,106.0,134.0,92.0,132.69,92.0,184.0,95.0,95.46,85.5,100.0,37.61,38.22,37.22,39.28,23.0,21.66,16.0,29.5,1.0,1.3,13.7,0
p000139,27.14,0.0,1.0,0.0,42.0,99.0,110.32,87.0,158.0,123.0,122.51,101.0,141.0,97.0,96.01,91.0,99.0,37.28,37.04,35.89,37.67,18.0,16.85,10.0,29.0,1.2,0.5,17.4,0
p000140,42.16,1.0,1.0,0.0,30.0,89.0,78.84,68.0,98.0,105.0,121.78,100.0,140.5,99.0,98.12,96.0,100.0,36.89,36.38,35.83,36.89,26.0,18.07,14.0,30.0,,0.8,8.7,0
p000141,77.56,1.0,,,61.0,83.0,81.64,66.0,95.0,104.0,109.25,92.0,135.0,92.0,93.12,86.0,98.0,37.28,37.34,36.33,38.44,27.0,23.26,17.0,33.0,1.7,0.5,9.1,1
p000142,55.89,1.0,1.0,0.0,50.0,79.0,64.42,45.0,82.0,127.0,129.63,96.0,168.0,99.0,97.37,82.0,100.0,37.0,36.82,36.17,37.11,17.0,16.1,7.0,26.0,0.9,0.9,4.3,0
p000143,83.42,0.0,1.0,0.0,54.0,87.0,91.46,71.0,103.0,69.0,76.39,69.0,109.0,98.0,96.82,92.0,100.0,36.89,36.77,34.94,37.83,34.0,20.17,8.0,34.0,1.3,0.4,14.1,0
p000144,81.06,0.0,0.0,1.0,53.0,84.0,76.37,65.0,88.0,96.0,107.07,87.0,125.5,95.0,97.7,94.0,100.0,37.33,36.98,36.11,38.0,25.0,23.41,16.0,40.5,1.2,0.9,17.2,0
p000145,58.88,0.0,,,29.0,96.0,102.67,76.0,113.0,147.0,140.67,128.0,182.0,91.0,95.25,91.0,99.0,36.78,36.76,36.44,36.94,6.0,19.56,6.0,25.0,,0.6,13.5,0
p000146,56.57,1.0,0.0,1.0,25.0,66.0,77.93,66.0,83.0,120.0,115.64,93.0,138.0,95.0,93.36,88.0,100.0,37.06,37.33,36.89,37.78,26.0,21.91,13.5,34.0,1.2,1.0,14.4,0
p000147,75.91,1.0,,,44.0,59.0,63.6,55.0,74.0,127.0,135.47,112.0,163.0,97.0,98.23,95.0,100.0,36.78,36.45,36.06,36.89,18.0,14.79,11.0,19.0,1.0,0.9,8.1,0
p000148,39.24,1.0,1.0,0.0,58.0,85.0,85.52,77.0,96.0,135.0,136.01,114.0,163.0,98.0,95.68,87.0,99.0,36.33,36.4,35.89,36.78,14.0,19.84,13.0,28.0,,1.1,12.6,0
p000149,69.14,1.0,0.0,1.0,25.0,85.0,71.9,58.0,88.0,133.0,117.56,97.0,149.0,98.0,96.69,89.0,100.0,35.22,35.91,35.22,37.06,20.0,15.62,10.0,22.0,,6.6,10.3,0
p000150,22.15,0.0,,,23.0,105.0,98.95,94.0,108.0,108.0,117.09,106.0,126.0,96.0,99.55,96.0,100.0,37.56,36.36,35.83,37.56,22.0,18.73,13.0,25.0,,0.9,9.1,0
p000151,34.61,1.0,1.0,0.0,24.0,86.0,85.59,81.0,96.0,136.0,134.83,109.0,161.0,97.0,96.43,92.5,100.0,37.28,36.9,36.61,37.28,19.0,13.43,10.0,19.0,,1.5,8.0,0
p000152,54.09,1.0,1.0,0.0,42.0,96.0,95.74,79.5,117.0,147.0,133.22,104.0,165.0,100.0,98.5,92.0,100.0,36.44,36.11,35.22,37.17,28.0,25.2,16.0,44.0,,1.5,11.3,0
p000153,20.49,1.0,0.0,1.0,23.0,106.0,99.05,88.0,107.0,141.0,138.64,122.0,161.0,100.0,98.77,97.0,100.0,37.17,37.1,36.5,37.78,13.0,13.95,11.0,16.0,,0.8,5.4,0
p000154,78.65,0.0,,,29.0,66.0,64.34,53.5,76.0,123.0,128.66,105.5,154.0,98.0,97.11,93.0,100.0,36.89,37.12,36.89,37.33,17.0,17.61,8.0,30.0,,0.7,5.3,0
p000155,73.62,0.0,,,36.0,94.0,92.15,82.0,98.0,112.0,121.44,105.0,150.0,97.0,97.84,94.0,100.0,37.67,37.12,36.39,37.78,22.0,20.79,14.0,35.0,0.7,2.0,13.4,0
p000156,57.5,1.0,0.0,1.0,39.0,94.0,89.31,72.5,124.0,111.0,111.67,94.0,140.0,98.0,97.74,92.0,100.0,37.3,37.34,36.0,38.5,20.0,18.53,12.0,27.0,,1.1,16.7,0
p000157,40.17,0.0,1.0,0.0,42.0,102.0,92.41,77.0,112.0,95.0,97.39,76.0,123.0,96.0,94.23,86.0,100.0,36.28,36.27,35.56,36.89,17.0,19.48,10.0,32.0,,0.3,11.7,0
p000158,77.43,1.0,0.0,1.0,40.0,76.0,75.88,60.0,88.0,142.0,122.52,86.0,150.0,92.0,95.58,91.0,100.0,36.83,36.61,35.4,37.6,19.0,17.87,14.0,23.5,1.4,0.9,12.6,0
p000159,64.15,0.0,1.0,0.0,37.0,106.0,103.68,86.0,118.0,104.0,138.62,103.0,163.0,98.0,98.97,88.0,100.0,37.22,37.55,36.67,37.94,20.0,22.49,19.0,27.0,1.0,0.8,23.7,0
p000160,55.25,1.0,,,53.0,52.0,63.58,50.0,86.0,146.0,134.08,104.0,159.0,96.0,97.48,94.0,100.0,36.5,36.78,36.44,37.17,17.0,21.74,12.0,45.0,,0.6,7.8,0
p000161,30.79,0.0,,,23.0,89.0,82.34,78.0,90.0,118.0,128.2,102.0,160.0,99.0,99.52,98.0,100.0,37.78,37.84,37.44,37.94,20.0,19.07,14.0,22.0,,3.0,13.2,1
p000162,75.79,0.0,,,53.0,60.0,65.06,54.0,80.0,121.0,117.99,81.0,144.0,97.0,96.48,94.0,100.0,36.5,37.11,36.5,37.56,15.0,14.62,11.0,24.0,,0.6,8.7,0
p000163,24.77,1.0,0.0,1.0,41.0,92.0,104.17,79.0,126.0,114.0,121.29,102.0,138.0,99.0,98.96,96.0,100.0,36.89,37.21,36.61,37.61,18.0,27.26,16.0,38.0,,0.6,13.6,0
p000164,76.14,1.0,0.0,1.0,46.0,72.0,87.68,71.0,117.5,104.0,99.42,84.0,119.0,97.0,98.08,91.0,100.0,37.0,36.92,35.6,37.5,12.0,13.64,3.0,24.0,3.2,1.9,13.9,0
p000165,78.62,1.0,0.0,1.0,42.0,80.0,75.79,68.0,86.5,133.0,108.49,54.0,133.0,93.0,95.69,84.0,100.0,38.0,37.21,34.6,38.2,20.0,16.17,11.0,22.0,1.5,0.7,6.0,0
p000166,88.56,0.0,1.0,0.0,29.0,94.0,69.89,39.0,101.0,169.0,153.74,115.0,180.0,97.0,97.93,94.0,100.0,36.56,36.73,36.44,37.11,19.0,18.43,13.0,47.0,0.9,1.0,6.2,0
p000167,56.44,1.0,0.0,1.0,22.0,99.0,97.47,77.0,107.0,127.0,121.08,97.0,137.5,97.0,97.24,95.0,100.0,36.9,36.26,35.45,36.9,13.0,12.97,9.0,16.0,,0.6,14.9,0
p000168,54.75,1.0,0.0,1.0,30.0,107.0,90.53,70.5,108.0,127.0,129.78,106.0,165.0,97.0,96.19,94.0,98.0,37.17,36.66,36.17,37.17,19.0,16.89,10.0,23.0,,1.3,12.0,0
p000169,25.71,1.0,,,54.0,119.0,119.58,96.0,134.0,118.5,131.65,113.0,168.0,98.0,97.88,92.0,100.0,37.72,37.8,37.17,38.61,27.5,27.19,21.5,38.0,1.1,0.8,9.1,0
p000170,71.83,0.0,0.0,1.0,52.0,99.0,87.25,80.0,108.0,119.0,113.22,86.0,144.0,96.0,97.51,92.0,100.0,37.28,37.19,36.2,37.61,16.0,16.09,8.0,25.0,,0.9,12.3,0
p000171,25.08,0.0,,,70.0,118.0,110.26,96.0,129.0,109.0,103.34,79.0,128.0,100.0,99.63,95.0,100.0,37.72,37.69,36.89,38.28,19.0,18.33,4.0,34.0,0.7,0.5,15.0,1
p000172,76.17,0.0,1.0,0.0,22.0,71.0,89.4,71.0,139.0,121.0,127.95,103.0,164.0,100.0,96.1,86.0,100.0,35.89,36.65,35.67,37.67,15.0,15.48,11.0,25.0,1.3,1.1,13.2,0
p000173,79.58,0.0,,,24.0,49.0,47.96,43.5,55.0,118.0,117.93,106.0,129.0,100.0,97.72,93.0,100.0,37.06,36.82,35.78,37.5,19.0,14.54,11.0,19.0,,1.3,5.9,0
p000174,65.59,1.0,0.0,1.0,27.0,77.0,79.56,67.0,96.0,130.0,121.79,97.0,143.0,95.0,97.12,93.0,100.0,36.56,37.32,35.8,38.1,19.0,21.83,15.0,31.0,2.1,0.6,6.2,0
p000175,43.71,1.0,,,20.0,102.0,95.16,85.0,103.0,127.0,115.68,93.0,137.0,96.0,94.47,93.0,96.0,38.5,37.73,37.11,38.5,14.0,15.58,14.0,18.0,,1.1,13.1,0
p000176,78.82,1.0,0.0,1.0,29.0,67.0,77.12,54.0,99.0,100.0,111.82,92.0,138.0,97.0,97.23,93.0,100.0,36.94,37.38,34.95,38.6,18.0,19.52,13.0,27.5,2.5,1.3,13.1,0
p000177,76.49,0.0,,,25.0,64.0,77.56,60.0,92.0,78.0,126.82,78.0,149.0,86.0,94.38,86.0,100.0,36.22,36.2,36.0,36.5,14.0,14.25,7.0,23.0,1.7,4.0,29.9,0
p000178,43.43,1.0,,,98.0,102.0,111.58,80.0,146.5,118.0,140.21,107.0,222.0,98.0,96.57,94.0,100.0,37.89,37.54,36.94,38.06,16.0,15.6,9.0,32.0,1.1,0.6,10.6,1
p000179,57.25,1.0,,,50.0,99.0,86.09,67.0,105.5,118.0,103.48,90.0,137.0,98.0,98.14,93.0,100.0,37.9,37.18,35.7,38.95,25.0,17.91,12.0,30.0,2.5,1.4,16.0,0
p000180,73.48,1.0,,,40.0,68.5,68.85,60.0,97.0,154.5,126.62,75.0,171.0,97.5,98.28,95.0,100.0,36.94,36.87,36.28,37.0,20.5,16.55,4.0,22.0,,1.0,12.7,0
p000181,21.54,0.0,1.0,0.0,24.0,82.0,98.3,82.0,121.0,111.0,137.89,110.0,166.0,99.0,98.91,97.0,100.0,36.67,37.24,36.5,38.0,16.0,22.22,16.0,31.0,,0.6,11.0,0
p000182,67.77,1.0,0.0,1.0,47.0,78.0,85.0,58.0,100.0,127.0,115.55,80.0,145.0,96.0,97.08,92.0,100.0,37.33,36.94,34.4,38.7,24.0,27.94,14.0,39.0,,1.1,9.7,0
p000183,53.78,1.0,,,36.0,61.0,66.23,56.0,90.0,119.0,115.44,97.0,139.0,96.0,95.83,94.0,98.0,36.72,36.95,35.3,37.56,15.0,14.46,8.0,19.0,,0.7,11.3,0
p000184,61.66,0.0,1.0,0.0,39.0,65.0,72.75,64.0,101.0,98.0,97.29,74.0,116.0,98.0,97.86,94.0,100.0,36.28,36.59,36.28,36.89,13.0,15.51,10.0,21.0,1.6,1.3,7.8,0
p000185,58.31,1.0,,,65.0,82.0,80.41,63.0,99.0,180.0,140.81,94.0,180.0,97.0,96.04,86.0,100.0,36.06,36.63,35.89,37.28,24.0,19.05,11.0,30.0,1.4,1.7,20.8,1
p000186,35.54,0.0,,,47.0,84.0,83.84,71.0,97.0,111.0,107.85,94.5,118.0,99.0,98.43,94.0,100.0,37.11,36.9,36.06,38.17,11.0,13.23,10.0,19.0,1.0,0.5,9.3,0
p000187,46.45,0.0,0.0,1.0,49.0,92.0,86.33,65.0,92.0,100.0,101.07,81.0,124.0,98.0,97.82,91.0,100.0,37.17,36.88,36.0,37.33,11.0,17.02,8.0,26.5,,0.7,15.6,0
p000188,74.13,0.0,,,84.0,113.0,101.87,90.0,116.0,86.0,103.49,73.0,131.0,99.0,97.6,88.0,100.0,38.67,37.0,35.83,38.67,30.0,22.36,10.0,42.0,1.0,0.4,11.0,1
p000189,69.08,1.0,,,57.0,86.0,78.68,60.0,105.0,111.0,115.18,90.0,154.0,95.0,97.91,93.0,100.0,36.5,36.8,35.89,38.17,12.0,15.04,10.0,26.0,1.4,0.8,6.5,0
p000190,80.41,0.0,0.0,1.0,57.0,69.5,75.7,66.0,90.0,109.5,118.74,87.0,151.0,98.5,97.08,90.0,100.0,36.67,36.37,35.22,37.56,20.5,20.33,17.0,28.0,,0.6,19.1,0
p000191,62.99,1.0,1.0,0.0,40.0,74.0,82.41,71.0,100.0,144.0,144.65,98.5,186.0,100.0,99.92,98.0,100.0,35.67,36.21,35.67,36.94,18.0,17.66,14.0,21.5,0.4,1.6,14.4,0
p000192,23.57,1.0,,,32.0,78.0,76.9,63.0,107.0,131.0,128.35,110.0,151.0,99.0,96.45,92.0,100.0,36.56,36.86,35.89,37.72,15.0,15.31,12.0,21.5,,0.7,10.1,0
p000193,79.1,1.0,1.0,0.0,40.0,49.0,87.59,49.0,105.0,82.0,110.56,82.0,138.0,96.0,95.41,93.0,100.0,35.67,35.73,35.44,36.0,23.0,27.31,11.0,43.0,,3.2,25.6,0
p000194,57.74,0.0,1.0,0.0,19.0,87.0,97.17,84.0,113.5,95.0,91.33,86.0,97.0,98.0,96.42,91.0,100.0,35.72,36.12,35.72,36.61,17.0,24.83,17.0,30.0,,2.6,14.0,0
p000195,50.29,0.0,,,31.0,81.0,89.65,75.0,106.5,147.0,118.28,104.0,147.0,97.0,95.5,93.0,100.0,37.0,37.1,36.39,37.67,26.0,23.55,18.0,29.0,,0.9,8.7,0
p000196,70.19,1.0,,,20.0,82.5,84.45,71.0,103.0,88.0,97.71,81.5,123.5,90.5,86.39,61.0,100.0,35.3,35.98,35.1,37.5,28.0,25.0,17.0,28.0,14.1,2.2,2.3,0
p000197,22.94,1.0,,,42.0,77.0,85.6,69.0,111.0,125.0,123.49,101.0,139.0,99.0,98.61,94.0,100.0,37.28,37.11,36.39,37.44,21.0,25.44,15.0,36.0,0.8,0.6,13.8,0
p000198,29.14,1.0,,,17.0,79.0,68.78,60.0,79.0,110.0,122.78,108.0,137.0,93.0,95.88,91.0,100.0,36.56,36.96,36.56,37.39,17.0,13.88,5.0,19.5,,0.8,12.1,0
p000199,41.97,1.0,1.0,0.0,37.0,82.0,79.96,67.0,98.0,122.0,127.0,109.0,155.0,100.0,97.81,94.5,100.0,37.67,36.45,35.61,37.67,28.0,22.64,14.0,35.0,,0.8,9.7,0
p000200,51.67,1.0,1.0,0.0,44.0,73.0,72.17,62.0,86.5,135.0,146.72,125.0,173.0,78.0,79.88,75.0,88.0,36.06,36.29,35.61,36.89,23.0,21.2,14.0,31.0,,1.7,6.4,0
